<?xml version="1.0" encoding="UTF-8"?>
<suite name="Suite">
  <test thread-count="5" name="Test">
    <classes>
      <class name="testcases.CatTest"/>
    </classes>
  </test> <!-- Test -->
  <test thread-count="5" name="Test1">
    <classes>
      <class name="testcases.Dog1test"/>
    </classes>
  </test> <!-- Test -->
   <test thread-count="5" name="Test2">
    <classes>
      <class name="testcases.SearchTest"/>
    </classes>
  </test> <!-- Test -->
</suite> <!-- Suite -->
